categories_slug,attribute_family_name,name,description,short_description,url_key,sku,price,special_price,special_price_from,special_price_to,tax_category_id,stock,images,meta_title,meta_keywords,meta_description,color,brand,type,new,featured,visible_individually,status,guest_checkout,inventories,bundle_options
root,default,bundled_product1,temp1,temp1,dfs,temp122,123,100,2016-05-25,2016-05-27,Taxable Goods,1000,"1.png,2.png",Test Title,sample_type,Test Description,Red,nike,bundle,1,1,1,1,1,32,"{""option_0"":{""en"":{""label"":""option1""},""type"":""select"",""is_required"":""1"",""sort_order"":""1"",""products"":{""product_0"":{""is_default"":""1"",""product_id"":""730"",""qty"":""10"",""sort_order"":""1""}}},""option_1"":{""en"":{""label"":""option2""},""type"":""select"",""is_required"":""1"",""sort_order"":""2"",""products"":{""product_0"":{""is_default"":""1"",""product_id"":""731"",""qty"":""20"",""sort_order"":""1""}}}}"
root,default,bundled_product2,temp1,temp1,sdsd2,temp123,123,100,2016-05-25,2016-05-27,Taxable Goods,1000,"1.png,2.png",Test Title,sample_type,Test Description,Red,nike,bundle,1,1,1,1,1,32,"{""option_0"":{""en"":{""label"":""option1""},""type"":""select"",""is_required"":""1"",""sort_order"":""1"",""products"":{""product_0"":{""is_default"":""1"",""product_id"":""730"",""qty"":""10"",""sort_order"":""1""}}},""option_1"":{""en"":{""label"":""option2""},""type"":""select"",""is_required"":""1"",""sort_order"":""2"",""products"":{""product_0"":{""is_default"":""1"",""product_id"":""731"",""qty"":""20"",""sort_order"":""1""}}}}"
root,default,bundled_product3,temp1,temp1,,temp124,123,100,2016-05-25,2016-05-27,Taxable Goods,1000,"1.png,2.png",Test Title,sample_type,Test Description,Red,nike,bundle,1,1,1,1,1,32,"{""option_0"":{""en"":{""label"":""option1""},""type"":""select"",""is_required"":""1"",""sort_order"":""1"",""products"":{""product_0"":{""is_default"":""1"",""product_id"":""730"",""qty"":""10"",""sort_order"":""1""}}},""option_1"":{""en"":{""label"":""option2""},""type"":""select"",""is_required"":""1"",""sort_order"":""2"",""products"":{""product_0"":{""is_default"":""1"",""product_id"":""731"",""qty"":""20"",""sort_order"":""1""}}}}"
root,default,bundled_product4,temp1,temp1,sdsd4,temp125,123,100,2016-05-25,2016-05-27,Taxable Goods,1000,"1.png,2.png",Test Title,sample_type,Test Description,Red,nike,bundle,1,1,1,1,1,32,"{""option_0"":{""en"":{""label"":""option1""},""type"":""select"",""is_required"":""1"",""sort_order"":""1"",""products"":{""product_0"":{""is_default"":""1"",""product_id"":""730"",""qty"":""10"",""sort_order"":""1""}}},""option_1"":{""en"":{""label"":""option2""},""type"":""select"",""is_required"":""1"",""sort_order"":""2"",""products"":{""product_0"":{""is_default"":""1"",""product_id"":""731"",""qty"":""20"",""sort_order"":""1""}}}}"
root,default,bundled_product5,temp1,temp1,sdsd5,temp126,123,100,2016-05-25,2016-05-27,Taxable Goods,1000,"1.png,2.png",Test Title,sample_type,Test Description,Red,nike,bundle,1,1,1,1,1,32,"{""option_0"":{""en"":{""label"":""option1""},""type"":""select"",""is_required"":""1"",""sort_order"":""1"",""products"":{""product_0"":{""is_default"":""1"",""product_id"":""730"",""qty"":""10"",""sort_order"":""1""}}},""option_1"":{""en"":{""label"":""option2""},""type"":""select"",""is_required"":""1"",""sort_order"":""2"",""products"":{""product_0"":{""is_default"":""1"",""product_id"":""731"",""qty"":""20"",""sort_order"":""1""}}}}"
