categories_slug,name,description,short_description,sku,price,special_price,special_price_from,special_price_to,inventory_sources,inventories,weight,meta_title,meta_keywords,meta_description,color,size,url_key,tax_category_id,new,featured,visible_individually,status,cost,width,height,depth,type,attribute_family_name,images,guest_checkout
root,temp1,temp1,shortdesc,updatedSKU,100,80,2019-05-02,2020-05-20,default,123,12,Test Title,Test Keyword,Test Description,Red,M,erwer,,1,1,1,1,10,34,34,234,simple,Default,"banner.jpeg,bg.jpg,download.jpeg",1
root,temp1sdvc,fdh,temp1,temp21,200,80,2019-05-02,2020-05-20,default,124,12,Test Title,Test Keyword,Test Description,Green,M,dsfvg,,1,1,1,1,10,34,34,234,simple,Default,"download (1).jpeg,download (2).jpeg,men-jacket.jpg",1
root,hurray,temp1,temp1,,300,80,2019-05-02,2020-05-20,default,125,12,Test Title,Test Keyword,Test Description,Yellow,M,rthg,,1,1,1,1,10,34,34,234,simple,Default,"w-jeans.jpeg,w-shirt.jpeg,download (2).jpeg",1
root,cbv,temp1,temp1,temp41,400,80,2019-05-02,2020-05-20,default,126,12,Test Title,Test Keyword,Test Description,Black,M,temp3,,1,1,1,1,10,34,34,234,simple,Default,"bg.jpg,men-jacket.jpg,w-shirt.jpeg",1
